Product Name,Other,Barcode,Case Barcode,Inner Quantity,Case Quantity,Pallet Case Quantity,Cases Per Layer,Languages,Country Of Origin,Tariff Code,Expiry Date,Pricecheck SKU,Piece Price (Excl. VAT),VAT,,Image URL
OLD SPICE 50ML DEODORANT STICK KRAKENGARD,Expiry Date:,8001841858432,8001841858449,1,6,648,72,"EN, SI, BG, CZ, EE, HR, HU, KZ, LT, LV, PL, RU, SK, UA",Poland,33072000,"Jul 21, 2026",CGOLD240,Please login for prices,,,
OLD SPICE 150ML DEODORANT BODY SPRAY WOLFTHORN,Expiry Date:,4084500507562,4084500507579,1,6,396,66,"EN, AR, FR, TR",United Kingdom,33072000,"May 1, 2025",CGOLD241,Please login for prices,,,
MAX FACTOR FALSE LASH EFFECT MASCARA BLACK BROWN,VAT:,3614225257858,03614225257919,3,126,84,12,EN,United Kingdom,33042000,,COSMAX1428,Please login for prices,20%,,
NUXE 50ML INSTA-MASQUE DETOXIFYING & GLOW MASK,VAT:,3264680016011,,1,1,18,6,"EN, DE, NL",France,33049900,,COSNUX079,Please login for prices,20%,Piece Price (Excl. VAT):,
NUXE 400ML BODY MILK VERY ROSE,VAT:,3264680038891,,6,24,27,9,"EN, DE, ES, FR, IT, NL, PT",France,33049900,,COSNUX080,Please login for prices,20%,Piece Price (Excl. VAT):,
POLO 5X25G SPEARMINT TUBE 5 PACK,Expiry Date:,7613034961983,07613034961990,1,24,144,36,EN,United Kingdom,17049081,"May 31, 2025",FOPOL010,Please login for prices,,,
POLO 5X24.5G SUGAR FREE TUBE 5 PACK,Expiry Date:,7613036667210,07613036667227,1,24,144,36,EN,United Kingdom,17049081,"Jun 30, 2025",FOPOL011,Please login for prices,,,
COMFORT ULTIMATE CARE 870ML FABRIC CONDITIONER TROPICAL LILY 58W,VAT:,8720181261220,8720181261237,1,6,100,20,EN,United Kingdom,34024100,,HOCOM106,Please login for prices,20%,,
DETTOL MULTIPURPOSE WIPES WATERLILY 50'S,Expiry Date:,5011417580172,05011417801383,1,7,165,33,EN,Poland,34011100,"Mar 1, 2025",HODET230,Please login for prices,,,
DETTOL 250ML WASHING MACHINE CLEANER LAVENDER,Expiry Date:,5011417571750,05011417793138,1,6,248,62,EN,Portugal,38249945,"Sep 30, 2025",HODET210,Please login for prices,,,
CHRISTMAS GIFT BAGS SANTA TEXT LARGE,VAT:,5012213544443,05012213546522,6,48,96,16,EN,China,48194000,,FACHR060,Please login for prices,20%,,
SPIDEY & FRIENDS COLOURING SET,VAT:,5012128602061,5024004987612,12,24,42,14,EN,China,49030000,,FASPI037,Please login for prices,20%,,"https://res.cloudinary.com/pricecheck/image/upload/c_lpad,dpr_2.0,f_auto,h_700,q_auto,w_700/v1/FASPI037-1.jpg?_i=AB"
BEN'S ORIGINAL 220G MICROWAVE RICE SAVOURY CHICKEN,Expiry Date:,5010034013957,5010034013971,1,6,294,42,EN,United Kingdom,10062017,"May 2, 2025",FOBEN001,Please login for prices,,,
BEN'S ORIGINAL 220G MICROWAVE RICE LONG GRAIN,Expiry Date:,5010034013674,5010034013711,1,6,294,42,EN,United Kingdom,10062017,"Mar 21, 2025",FOBEN002,Please login for prices,,,"https://res.cloudinary.com/pricecheck/image/upload/c_lpad,dpr_2.0,f_auto,h_700,q_auto,w_700/v1/FOBEN002-1.jpg?_i=AB"
SOUR PATCH KIDS 130G ORIGINAL PMP Â£1.50,Expiry Date:,7622202209871,7622202209864,1,10,160,32,EN,United Kingdom,17049065,"Feb 20, 2025",FOSOU005,Please login for prices,,,
ELBOW GREASE 500ML AIR FRYER CLEANER,VAT:,5053249271859,5053249271866,1,12,70,14,EN,Turkey,34025090,,HOELB056,Please login for prices,20%,,
GILLETTE SKIN 175ML SHAVING CREAM TUBE ULTRA SENSITIVE,VAT:,7702018607228,7702018607211,1,6,342,57,"EN, IT, PT",Poland,33071000,,TOGIL750,Please login for prices,20%,,
MAUI 385ML SHAMPOO AGAVE NECTAR,VAT:,22796170316,10022796170313,1,4,315,63,"EN, DK, DE, ES, FI, FR, IT, NL, NO, PL, SE, TR",United States,33051000,,TOMAU015,Please login for prices,20%,,
OGX 177ML CONDITIONING TREATMENT ARGAN OIL MIRACLE WATER,VAT:,3574661732466,3574661732480,1,6,335,67,"EN, AR, DK, GR, ES, FI, NL, NO, PL, PT, RU, SE",Poland,33059000,,TOOGX028,Please login for prices,20%,,
OGX 200ML HAIR RINSE APPLE CIDER VINEGAR CLARIFY & SHINE,VAT:,3574661531830,3574661532035,1,6,384,64,"EN, DK, DE, GR, ES, FI, FR, IT, NL, NO, PL, PT, RU, SE, TR",United States,33059000,,TOOGX020,Please login for prices,20%,,
ARMAF CLUB DE NUIT WOMEN 200ML BODY SPRAY,VAT:,6085010094342,,12,96,30,6,"EN, AR, FR, RU",United Arab Emirates,33030090,"Mar 11, 2027",FLARM071,Please login for prices,20%,,
L'OREAL GLYCOLIC-BRIGHT GLOWING 50ML NIGHT CREAM,VAT:,3600524072087,03600524079185,1,6,416,26,"EN, DE",France,33049900,,COSLOR1121,Please login for prices,20%,,
L'OREAL GLYCOLIC-BRIGHT GLOWING 50ML DAY CREAM SPF17,VAT:,3600524072094,03600524079215,1,6,416,26,"EN, DE",France,33049900,,COSLOR1120,Please login for prices,20%,,
VIAKAL 750ML CLEANING SPRAY REGULAR,VAT:,8001841417462,08001841417455,1,10,51,17,EN,Italy,34024200,,HOVIA010,Please login for prices,20%,,
HERBAL ESSENCES 275ML CONDITIONER HYDRATE COCONUT MILK,VAT:,8006540414002,8006540414019,1,6,192,48,"EN, AZ, TR",France,33059000,,TOHER285,Please login for prices,20%,,
BIRRA MORETTI SALE DI MARE 660ML BOTTLE ABV 4.8%,Expiry Date:,5035766065753,5035766065760,1,12,64,16,EN,United Kingdom,22030001,"May 31, 2025",ALDPBIR010,Please login for prices,,,
CHRISTMAS WRAPPING PAPER DISNEY PRINCESS 2MX69CM,VAT:,5012213565646,5012213565684,1,50,36,18,EN,United Kingdom,48119000,,FACHR056,Please login for prices,20%,,
BEN'S ORIGINAL 220G MICROWAVE RICE BASMATI,Expiry Date:,5010034013681,5010034013704,1,6,294,42,EN,United Kingdom,10062017,"May 8, 2025",FOBEN003,Please login for prices,,,
FEMFRESH SOLUTIONS ODOUR ELIMINATING GEL 3PACK,Expiry Date:,5010724536247,5010724836248,1,6,372,62,EN,Canada,33049900,"Oct 24, 2025",TOFEM068,Please login for prices,,,
ORAL B 3D WHITE CLEAN MAXIMISER ELECTRIC TOOTHBRUSH HEAD X4,VAT:,4210201094562,4210201094579,6,12,282,47,"EN, SI, AL, AR, BG, GR, HR, MK, MD, SR, TR",Germany,96032100,,TOORA488,Please login for prices,20%,,
PAMPERS HARMONIE NAPPY PANTS SIZE 4 24'S,Expiry Date:,8006540181409,8006540181393,1,4,30,6,"EN, SI, AT, AL, AR, BG, BA, CH, CZ, DE, GR, EE, HR, HU, LT, LV, MK, MD, PL, RO, RU, SK, TR, UA",Germany,96190081,"Jan 8, 2027",TOPAM369,Please login for prices,,,
PASANTE CONDOMS REGULAR 15'S (25% EXTRA FREE),Expiry Date:,5032331014895,5060150682155,5,60,18,9,"EN, CZ, DE, ES, FR, IT, LT, NL, PL, SE",Malaysia,40141000,"Apr 30, 2029",TOPAS005,Please login for prices,,,
MAX FACTOR FALSE LASH EFFECT MASCARA RAVEN BLACK,VAT:,3614229458169,03616300322796,3,126,84,12,EN,United Kingdom,33042000,,COSMAX1427,Please login for prices,20%,,
MAX FACTOR FALSE LASH EFFECT MASCARA WATERPROOF BLACK,VAT:,8005610504438,08005610504445,3,126,84,12,EN,United Kingdom,33042000,,COSMAX1429,Please login for prices,20%,,
CHRISTMAS WRAPPING PAPER 4M MIXED METALLICS (3 DESIGNS),VAT:,5012213543026,5012213543194,1,50,36,18,EN,China,48119000,,FACHR068,Please login for prices,20%,,
CHRISTMAS WRAPPING PAPER 4M ELEGANT TRADITIONS (4 DESIGNS),VAT:,5012213566025,5012213566193,1,50,36,18,EN,United Kingdom,48119000,,FACHR069,Please login for prices,20%,,
CHRISTMAS GIFT BAGS BOTTLE SANTA TEXT,VAT:,5012213544429,5012213546508,6,48,84,12,EN,China,48194000,,FACHR059,Please login for prices,20%,,
CHRISTMAS GIFT BAGS SANTA TEXT MEDIUM,VAT:,5012213544450,05012213546539,6,48,90,15,EN,China,48194000,,FACHR061,Please login for prices,20%,,
CHRISTMAS GIFT BAG SNOWMAN LARGE,VAT:,5012213567930,5012213568432,6,48,80,10,EN,China,48194000,,FACHR074,Please login for prices,20%,,
BETTY CROCKER 335G BLUEBERRY MUFFIN MIX,Expiry Date:,5010084905738,5010084905721,1,6,72,24,EN,Greece,19012000,"Apr 26, 2025",FOBET009,Please login for prices,,,
BEN'S ORIGINAL 220G MICROWAVE RICE BASMATI,Expiry Date:,5010034013681,5010034013704,1,6,294,42,EN,United Kingdom,10062017,"May 8, 2025",FOBEN003,Please login for prices,,,
BOLD 1.085L WASHING LIQUID PINK BLOSSOM 31W,VAT:,8006540929919,08006540929902,1,4,75,25,EN,France,34025090,,HOBOL094,Please login for prices,20%,,
PERSIL 3 IN 1 CAPSULES NON BIO XL PACK 40'S,VAT:,8720181303067,8720181303289,1,3,160,16,EN,United Kingdom,34029090,,HOPER139,Please login for prices,20%,,
DOMESTOS 55G POWER TOILET BLOCK PINK JASMINE & ELDERFLOWER,VAT:,8720182312495,08720182312501,1,9,154,22,EN,Poland,34025090,,HODOM104,Please login for prices,20%,,
MAUI 100ML SHAMPOO COCONUT MILK,VAT:,3574661497112,03574661497969,1,24,80,16,"EN, DK, DE, ES, FI, FR, IT, NL, NO, PL, SE, TR",United States,33051000,,TOMAU016,Please login for prices,20%,,
SURE WOMEN 50ML ROLL ON ANTI PERSPIRANT COTTON DRY,VAT:,59095798,08720181274398,1,6,1188,99,EN,United Kingdom,33072000,,TOSUR255,Please login for prices,20%,,
WATER WIPES BABY WIPES 40'S,Expiry Date:,5099514002780,55099514002785,1,16,140,20,"EN, AR, BG, CZ, DK, DE, GR, ES, FI, FR, IT, NL, NO, PL, PT, SK, SR, SE, TR",Ireland,34011900,"Nov 30, 2025",TOWAT023,Please login for prices,,,
ASEVI 2376ML LIQUID LAUNDRY DETERGENT DEEP OCEAN 44 WASH (ES PACK),Expiry Date:,8411582881413,18411582881410,1,5,60,12,"ES, PT, RO",Spain,34025090,"Jun 28, 2029",HOASE053,Please login for prices,,,
ALWAYS DAILIES LINERS DAILY FRESH NORMAL 72'S,Expiry Date:,8006540806746,08006540806739,1,4,128,16,"EN, MT, SI, AT, AL, AR, AZ, BG, BA, CH, CZ, DK, DE, GR, EE, FI, FR, HR, HU, MK, MD, NL, NO, PL, RO, RU, SK, SE",Ukraine,96190079,"Feb 25, 2026",TOALW554,Please login for prices,,,
SIMPLE 50ML MOISTURISER CALMING WITH HEMP SEED OIL,VAT:,8717163934913,,6,6,252,18,EN,Hungary,33049900,,TOSIM186,Please login for prices,20%,Piece Price (Excl. VAT):,
PERSIL 1.62L WASHING LIQUID COLOUR 60 WASH,VAT:,8702181227097,08720181227141,1,4,80,20,EN,United Kingdom,34025090,,HOPER138,Please login for prices,20%,,
MAX FACTOR LASH REVIVAL MASCARA BLACK,VAT:,3614227918092,03614227918115,3,156,84,12,EN,United Kingdom,33042000,,COSMAX1430,Please login for prices,20%,,
NUXE PRODIGIEUSE BOOST 40ML SILK CREAM NORMAL & DRY SKIN,VAT:,3264680015847,,1,54,18,6,"EN, DE, FR, NL",France,33049900,,COSNUX076,Please login for prices,20%,Piece Price (Excl. VAT):,
NUXE 30ML 48HR MOISTURISING RICH CREAM,VAT:,3264680028854,,1,1,27,9,"EN, DE, ES, FR, IT, NL, PT",France,33049900,,COSNUX078,Please login for prices,20%,Piece Price (Excl. VAT):,
CHRISTMAS WRAPPING PAPER 4M RED & WHITE (3 DESIGNS),VAT:,5012213566049,5012213566216,1,50,36,18,EN,China,48119000,,FACHR070,Please login for prices,20%,,
CHRISTMAS WRAPPING PAPER 4M SANTA & FRIENDS (4 DESIGNS),VAT:,5012213566087,05012213566254,1,50,36,18,EN,United Kingdom,48119000,,FACHR071,Please login for prices,20%,,
CHRISTMAS BOTTLE BAG SNOWMAN,VAT:,5012213567954,05012213568456,6,48,84,12,EN,China,48194000,,FACHR072,Please login for prices,20%,,
CHRISTMAS GIFT BAG SNOWMAN MEDIUM,VAT:,5012213567947,05012213568449,6,48,90,15,EN,China,48194000,,FACHR073,Please login for prices,20%,,
BEN'S ORIGINAL 220G MICROWAVE RICE WHOLEGRAIN,Expiry Date:,5010034015098,5010034015104,1,6,294,42,EN,United Kingdom,10062017,"Apr 9, 2025",FOBEN004,Please login for prices,,,
BEN'S ORIGINAL 220G MICROWAVE RICE PILAU,Expiry Date:,5010034013810,5010034013841,1,6,294,42,EN,United Kingdom,10062017,"Apr 17, 2025",FOBEN005,Please login for prices,,,
HILL BISCUITS 300G DIGESTIVES,Expiry Date:,5010282015895,5010282015901,1,24,90,15,EN,United Kingdom,19053199,"Mar 22, 2025",FOHIL011,Please login for prices,,,
TIDYZ CAT LITTER TRAY LINERS 12'S,VAT:,5025364003677,5025364013676,1,24,162,18,EN,Vietnam,39232100,,PETID005,Please login for prices,20%,,
COLGATE TOOTHBRUSH ZIG ZAG MEDIUM 3 PACK,VAT:,8718951408241,8714789158945,1,12,175,25,"EN, ES, FR, IT, NL, PT",China,96032100,,TOCOL783,Please login for prices,20%,,
FANOLA 100ML SHAMPOO NO YELLOW,VAT:,8032947868629,,1,24,136,17,"EN, DE, ES, FR, IT, PL",Italy,33051000,,TOFAN030,Please login for prices,20%,Piece Price (Excl. VAT):,
NEUTROGENA CLEAR & DEFEND 125ML EXFOLIANT LIQUID,VAT:,3574661752945,03574661757452,6,12,276,46,"EN, FI, SE",Greece,33049900,,TONEU279,Please login for prices,20%,,
OLAPLEX NO.5P 250ML CONDITIONER BLONDE ENHANCER TONING,VAT:,850045076290,10850045076297,1,12,152,19,"EN, DK, DE, GR, ES, FR, IT, NO, PL, PT, RO, RU, SK",Italy,33059000,,TOOLA067,Please login for prices,20%,,
AVENE 300ML THERMAL SPRING WATER SPRAY,Expiry Date:,3282779003131,03282779003131,6,24,27,9,"EN, FR",France,33049900,"Mar 8, 2028",COSAVE002,Please login for prices,,,
CHRISTMAS WRAPPING PAPER SPIDERMAN 2MX69CM,VAT:,5012213565639,5012213565677,1,50,36,18,EN,United Kingdom,48119000,,FACHR055,Please login for prices,20%,,
CHRISTMAS WRAPPING PAPER PEPPA PIG 2MX69CM,VAT:,5012213565653,5012213565691,1,50,36,18,EN,United Kingdom,48119000,,FACHR057,Please login for prices,20%,,
CHRISTMAS WRAPPING PAPER PAW PATROL 2MX69CM,VAT:,5012213565660,05012213565707,1,50,36,18,EN,United Kingdom,48119000,,FACHR058,Please login for prices,20%,,
ALWAYS DAILIES LINERS EXTRA PROTECT LARGE 68'S,Expiry Date:,4015400564454,04015400564447,1,4,98,14,"EN, SI, GE, AT, AL, AZ, BG, BA, CH, CZ, DK, DE, GR, EE, FI, HR, HU, LT, LV, MK, MD, NL, NO, PL, RU, SK, SE",Germany,96190079,"Feb 10, 2025",TOALW553,Please login for prices,,,
TAMPAX PEARL COMPAK SUPER 18'S,Expiry Date:,4015400690344,4015400690337,1,8,165,15,"EN, CH, DE, GR, FR, NL",France,96190075,"Mar 31, 2029",TOTAM181,Please login for prices,,,
WILKINSON SWORD INTUITION 175ML SHAVE CREAM COCONUT,VAT:,4027800168408,4027800168415,1,6,434,62,"EN, CZ, DE, GR, ES, FR, HU, IT, NL, PL, PT, RO, SK",United States,33071000,,TOWIL223,Please login for prices,20%,,
WILKINSON SWORD INTUITION 175ML SHAVE CREAM WATERLILY,VAT:,4027800168507,4027800168514,1,6,434,62,"EN, CZ, DE, GR, ES, FR, HU, IT, NL, PL, PT, RO, SK",United States,33071000,,TOWIL224,Please login for prices,20%,,
AVEENO 354ML CONDITIONER BLACKBERRY & QUINOA,VAT:,3574661596235,03574661596297,1,4,300,60,"EN, IT, PT",Greece,33059000,,TOAVE078,Please login for prices,20%,,
FAIRY 325ML WASHING UP LIQUID ORIGINAL,VAT:,8700216234917,08700216234900,1,10,126,21,"EN, GR",United Kingdom,34025090,,HOFAI317,Please login for prices,20%,,
