product_name,pricecheck_sku,barcode,case_barcode,inner_quantity,case_quantity,pallet_case_quantity,cases_per_layer,languages,country_of_origin,tariff_code,expiry_date,vat,piece_price
COLGATE 100ML TOOTHPASTE MAX FRESH CLEAN MINT,TOCOL730,8718951288881,08718951288874,12,72,42,6,"EN, AR, FR",India,33061000,"Sep 15, 2026",20.0,Please login for prices
OLD SPICE 150ML DEODORANT BODY SPRAY WOLFTHORN,CGOLD241,4084500507562,4084500507579,1,6,396,66,"EN, AR, FR, TR",United Kingdom,33072000,"May 1, 2025",20.0,Please login for prices
SPIDEY & FRIENDS COLOURING SET,FASPI037,5012128602061,5024004987612,12,24,42,14,EN,China,49030000,,20.0,Please login for prices
COMFORT ULTIMATE CARE 870ML FABRIC CONDITIONER TROPICAL LILY 58W,HOCOM106,8720181261220,8720181261237,1,6,100,20,EN,United Kingdom,34024100,,20.0,Please login for prices
DETTOL 250ML WASHING MACHINE CLEANER LAVENDER,HODET210,5011417571750,05011417793138,1,6,248,62,EN,Portugal,38249945,"Sep 30, 2025",20.0,Please login for prices
VIAKAL 750ML CLEANING SPRAY REGULAR,HOVIA010,8001841417462,08001841417455,1,10,51,17,EN,Italy,34024200,,20.0,Please login for prices
OLD SPICE 50ML DEODORANT STICK KRAKENGARD,CGOLD240,8001841858432,8001841858449,1,6,648,72,"EN, SI, BG, CZ, EE, HR, HU, KZ, LT, LV, PL, RU, SK, UA",Poland,33072000,"Jul 21, 2026",20.0,Please login for prices
POLO 5X25G SPEARMINT TUBE 5 PACK,FOPOL010,7613034961983,07613034961990,1,24,144,36,EN,United Kingdom,17049081,"May 31, 2025",20.0,Please login for prices
POLO 5X24.5G SUGAR FREE TUBE 5 PACK,FOPOL011,7613036667210,07613036667227,1,24,144,36,EN,United Kingdom,17049081,"Jun 30, 2025",20.0,Please login for prices
GILLETTE SKIN 175ML SHAVING CREAM TUBE ULTRA SENSITIVE,TOGIL750,7702018607228,7702018607211,1,6,342,57,"EN, IT, PT",Poland,33071000,,20.0,Please login for prices
HERBAL ESSENCES 275ML CONDITIONER HYDRATE COCONUT MILK,TOHER285,8006540414002,8006540414019,1,6,192,48,"EN, AZ, TR",France,33059000,,20.0,Please login for prices
NESCAFE GOLD INSTANT COFFEE SACHETS CAPPUCCINO 8 PACK PMP £2.79,FONES115,8445290721600,8445290721594,1,6,196,28,EN,United Kingdom,21011100,"Apr 30, 2025",0.0,Please login for prices
COLGATE 125ML TOOTHPASTE TRIPLE ACTION MINT,TOCOL786,6281001112013,6281001610663,12,48,54,9,"EN, AR, FR",China,33061000,"Sep 16, 2026",20.0,Please login for prices
PANTENE PRO V 400ML CONDITIONER LIFT 'N' VOLUME,TOPAN626,8006540635728,8006540635735,1,6,280,56,EN,France,33059000,,20.0,Please login for prices
DOMESTOS 55G POWER TOILET BLOCK PINK WHITE ROSE & TEA TREE,HODOM103,8720182312426,8720182312433,1,9,198,22,EN,Poland,34023100,,20.0,Please login for prices
AUSSIE 300ML SHAMPOO NOURISH,TOAUS339,8001841432380,8001841432397,1,6,343,49,"EN, FR",France,33051000,,20.0,Please login for prices
AUSSIE 300ML SHAMPOO MIRACLE REPAIR,TOAUS341,8001841429595,8001841429601,1,6,196,49,FR,France,33051000,,20.0,Please login for prices
DOVE NOURISHING SECRETS 250ML BODY WASH SOOTHING SUMMER RITUAL ALOE VERA & ROSE WATER,TODOV1285,8710847973208,08710847973260,6,12,96,24,"EN, DE",Germany,34013000,,20.0,Please login for prices
AIRWAYS MENTHOL 46'S PMP £2.50,FOAIR002,4009900550741,45032851000505,6,144,30,6,EN,United Kingdom,17041010,"Sep 19, 2025",20.0,Please login for prices
DORITOS 180G TORTILLA CHIPS CHILLI HEATWAVE,FODOR009,5000328741901,5000328741918,1,12,30,10,EN,United Kingdom,19059055,"Dec 8, 2024",20.0,Please login for prices
DORITOS 180G TORTILLA CHIPS TANGY CHEESE,FODOR011,5000328741314,05000328741321,1,12,30,10,EN,United Kingdom,19059055,"Dec 14, 2024",20.0,Please login for prices
KIT KAT CHUNKY 42G CRUNCHY DOUBLE CHOCOLATE PMP 75P,FOKIT072,3800020492536,3800020446355,1,24,444,37,EN,United Kingdom,19053211,"Feb 28, 2025",20.0,Please login for prices
SKITTLES 318G MORE TO SHARE POUCH,FOSKI057,4009900546225,4009900546232,1,10,128,16,EN,Czechia,17049065,"May 12, 2026",20.0,Please login for prices
WRIGLEYS EXTRA PEPPERMINT 46'S PMP £2.50,FOWRI022,4009900550833,4009900550864,6,144,30,6,EN,United Kingdom,17041010,"Sep 18, 2025",20.0,Please login for prices
WRIGLEYS EXTRA STRAWBERRY 46'S PMP £2.50,FOWRI024,4009900550802,4009900550826,6,144,30,6,EN,United Kingdom,17041010,"Sep 23, 2025",20.0,Please login for prices
OLD SPICE 150ML ANTIPERSPIRANT & DEODRANT BODY SPRAY RESTART,CGOLD238,8006540796115,8006540796139,1,6,462,66,"EN, AT, CH, DE, ES, PT, TR",United Kingdom,33072000,"Jul 30, 2025",20.0,Please login for prices
LANCOME CLARIFIQUE 250ML DUAL ESSENCE,COSLAN088,3614272520684,03614273126694,1,15,45,9,"EN, JP, FR",France,33049900,,20.0,Please login for prices
OLE HENRIKSEN TRUTH 30ML BANANA BRIGHT SERUM,COSOLE002,840026641609,,1,104,25,5,"EN, SI, BG, DK, DE, GR, FI, FR, HR, IT, NL, NO, PL, RO",United States,33049900,,20.0,Please login for prices
ORIGIN GINZING 15ML EYE CREAM REFRESHING,COSORI014,717334254954,14004763603791,3,90,112,16,"EN, DK, DE, GR, IT, NL, PT, RO, SE",United States,33049900,,20.0,Please login for prices
PIXI 80ML HYDRATING MILKY MIST,COSPIX007,885190820023,,1,22,168,28,"EN, FR",,33049900,,20.0,Please login for prices
PIXI GLOW 30ML SERUM EXFOLIATING RADIANCE,COSPIX017,885190823055,,1,12,168,28,"EN, FR",United States,33049900,,20.0,Please login for prices
PIXI VITAMIN C 80ML ENERGIZING FACIAL WATER,COSPIX035,885190820030,,1,10,168,28,"EN, FR",South Korea,33049900,,20.0,Please login for prices
ANNA SUI SKY 75ML EDT SPRAY,FLANN014,085715064752,,1,24,16,4,EN,France,33030090,,20.0,Please login for prices
FAIRY NON BIO 1.225L WASHING LIQUID 35W,HOFAI321,8006540946794,08006540946817,1,4,75,25,EN,United Kingdom,34025090,"Sep 13, 2025",20.0,Please login for prices
BELUX 600ML SHOWER GEL CHERRY BLOSSOM,TOBEL038,8692730510014,8692730510014,1,12,108,18,"EN, AR, BG, DE, GR, ES, FR, HU, RU",Turkey,34013000,"Jun 28, 2027",20.0,Please login for prices
ORAL-B PRO-EXPERT 125ML TOOTHPASTE DEEP CLEAN,TOORA489,8001090565686,8001090566256,1,12,252,42,"EN, DK, FI, NO, SE",Germany,33061000,"Oct 30, 2025",20.0,Please login for prices
SACHAJUAN 50ML INTENSE HAIR OIL,TOSAC018,7350016332828,1735,1,6,720,72,"EN, DK, DE, ES, FI, FR, IT, NO, SE",Sweden,33059000,,20.0,Please login for prices
SACHAJUAN 125ML STYLING CREAM,TOSAC020,7350016331685,17350016331682,1,6,6,6,"EN, DK, DE, ES, FI, FR, IT, NO, SE",Sweden,33059000,,20.0,Please login for prices
SAUCESOME! 500ML SWEET CHILLI SAUCE,FOSAU001,5060222787887,5060222787931,1,6,234,39,EN,United Kingdom,21039090,"Jul 26, 2025",0.0,Please login for prices
SAUCESOME! 500ML GARLIC MAYO,FOSAU004,5060222784978,5060222787948,1,6,234,39,EN,United Kingdom,21039090,"Aug 3, 2025",0.0,Please login for prices
SAUCESOME! 500ML BROWN SAUCE,FOSAU005,5060222788181,5060222788198,1,6,234,39,EN,United Kingdom,21039090,"Jul 30, 2025",0.0,Please login for prices
ARIEL 1.785L WASHING LIQUID COLOUR XL MEGA PACK 51W,HOARI241,8006540898499,08006540898505,1,3,100,25,EN,United Kingdom,34025090,"Sep 16, 2025",20.0,Please login for prices
BLOO 2X50G TOILET CISTERN CUBE FLOWERS,HOBLO032,5000325053984,5000325053991,1,7,252,36,EN,Poland,34023100,,20.0,Please login for prices
BLOO 4X50G TOILET CISTERN CUBE ORIGINAL BLUE,HOBLO036,5000325053229,05000325053236,1,7,252,36,EN,Poland,34023100,,20.0,Please login for prices
NIVEA 400ML BODY CREAM INTENSIVE MOISTURISING,TONIV455,4005808780563,26001051000351,6,12,112,16,EN,Poland,33049900,"May 31, 2026",20.0,Please login for prices
ORAL-B STAR WARS JUNIOR TOOTHBRUSH SOFT 6-12 YEARS,TOORA490,3014260099114,03014260099138,12,96,55,11,"EN, DK, FI, IL, NO, SE",Ireland,96032100,,20.0,Please login for prices
OLE HENRIKSEN TRUTH 30ML BANANA BRIGHT SERUM,COSOLE002,840026641609,,1,104,25,5,"EN, SI, BG, DK, DE, GR, FI, FR, HR, IT, NL, NO, PL, RO",United States,33049900,,20.0,Please login for prices
ORIGIN GINZING 15ML EYE CREAM REFRESHING,COSORI014,717334254954,14004763603791,3,90,112,16,"EN, DK, DE, GR, IT, NL, PT, RO, SE",United States,33049900,,20.0,Please login for prices
PIXI 80ML HYDRATING MILKY MIST,COSPIX007,885190820023,,1,22,168,28,"EN, FR",,33049900,,20.0,Please login for prices
PIXI GLOW 30ML SERUM EXFOLIATING RADIANCE,COSPIX017,885190823055,,1,12,168,28,"EN, FR",United States,33049900,,20.0,Please login for prices
PIXI VITAMIN C 80ML ENERGIZING FACIAL WATER,COSPIX035,885190820030,,1,10,168,28,"EN, FR",South Korea,33049900,,20.0,Please login for prices
GILLETTE VENUS SMOOTH RAZOR 2UP,TOGVE215,8001090585752,8001090585684,1,6,170,34,"EN, AT, CH, DE, ES, FI, FR, IT, NO, PT, SE",Germany,82122000,,20.0,Please login for prices
SNACK A JACKS 5X19G SOUR CREAM & CHIVE 5 PACK,FOSNA001,5000328250762,500032850779,1,6,60,12,EN,United Kingdom,19059055,"Apr 5, 2025",20.0,Please login for prices
CHRISTMAS GIFT BAGS BOTTLE SANTA TEXT,FACHR059,5012213544429,5012213546508,6,48,84,12,EN,China,48194000,,20.0,Please login for prices
CHRISTMAS GIFT BAGS SANTA TEXT MEDIUM,FACHR061,5012213544450,05012213546539,6,48,90,15,EN,China,48194000,,20.0,Please login for prices
CHRISTMAS GIFT BAG SNOWMAN LARGE,FACHR074,5012213567930,5012213568432,6,48,80,10,EN,China,48194000,,20.0,Please login for prices
PERSIL 1.62L WASHING LIQUID COLOUR 60 WASH,HOPER138,8702181227097,08720181227141,1,4,80,20,EN,United Kingdom,34025090,,20.0,Please login for prices
ALWAYS DAILIES LINERS DAILY FRESH NORMAL 72'S,TOALW554,8006540806746,08006540806739,1,4,128,16,"EN, MT, SI, AT, AL, AR, AZ, BG, BA, CH, CZ, DK, DE, GR, EE, FI, FR, HR, HU, MK, MD, NL, NO, PL, RO, RU, SK, SE",Ukraine,96190079,"Feb 25, 2026",0.0,Please login for prices
FEMFRESH SOLUTIONS ODOUR ELIMINATING GEL 3PACK,TOFEM068,5010724536247,5010724836248,1,6,372,62,EN,Canada,33049900,"Oct 24, 2025",20.0,Please login for prices
HERBAL ESSENCES PURIFY & HYDRATE 275ML CONDITIONER STRAWBERRY & MINT SILICONE FREE,TOHER288,8006540099544,8006540099551,1,6,192,48,"EN, CZ, PL, SK, UA",France,33059000,"Jul 1, 2026",20.0,Please login for prices
PAMPERS HARMONIE NAPPY PANTS SIZE 4 24'S,TOPAM369,8006540181409,8006540181393,1,4,30,6,"EN, SI, AT, AL, AR, BG, BA, CH, CZ, DE, GR, EE, HR, HU, LT, LV, MK, MD, PL, RO, RU, SK, TR, UA",Germany,96190081,"Jan 8, 2027",0.0,Please login for prices
PASANTE CONDOMS REGULAR 15'S (25% EXTRA FREE),TOPAS005,5032331014895,5060150682155,5,60,18,9,"EN, CZ, DE, ES, FR, IT, LT, NL, PL, SE",Malaysia,40141000,"Apr 30, 2029",5.0,Please login for prices
BOLD 1.085L WASHING LIQUID PINK BLOSSOM 31W,HOBOL094,8006540929919,08006540929902,1,4,75,25,EN,France,34025090,,20.0,Please login for prices
DOMESTOS 55G POWER TOILET BLOCK PINK JASMINE & ELDERFLOWER,HODOM104,8720182312495,08720182312501,1,9,154,22,EN,Poland,34025090,,20.0,Please login for prices
MAX FACTOR FALSE LASH EFFECT MASCARA RAVEN BLACK,COSMAX1427,3614229458169,03616300322796,3,126,84,12,EN,United Kingdom,33042000,,20.0,Please login for prices
MAX FACTOR FALSE LASH EFFECT MASCARA WATERPROOF BLACK,COSMAX1429,8005610504438,08005610504445,3,126,84,12,EN,United Kingdom,33042000,,20.0,Please login for prices
PERSIL 3 IN 1 CAPSULES NON BIO XL PACK 40'S,HOPER139,8720181303067,8720181303289,1,3,160,16,EN,United Kingdom,34029090,,20.0,Please login for prices
SURE WOMEN 50ML ROLL ON ANTI PERSPIRANT COTTON DRY,TOSUR255,59095798,08720181274398,1,6,1188,99,EN,United Kingdom,33072000,,20.0,Please login for prices
MARC JACOBS DOT 100ML EDP SPRAY,FLMAR049,3616304940835,03616305620804,1,24,40,10,"EN, FR",France,33030010,,20.0,Please login for prices
AINSLEY HARRIOTT 100G COUSCOUS SPICE SENSATION,FOAIN005,5050665005945,505665005952,1,12,272,34,EN,United Kingdom,19024090,"Nov 30, 2025",0.0,Please login for prices
AINSLEY HARRIOTT 100G COUSCOUS ROASTED VEGETABLE,FOAIN007,5050665015845,5050665016385,1,12,272,34,EN,United Kingdom,19024090,"Dec 31, 2025",0.0,Please login for prices
CARNATION 410G EVAPORATED MILK,FOCAR005,5010346000010,05000243005188,1,12,176,16,EN,Germany,04029931,"Oct 31, 2025",0.0,Please login for prices
NESTLE COFFEE-MATE 325G TIN THE ORIGINAL,FONES116,8445290856272,08445290856265,1,6,160,16,EN,United Kingdom,21061020,"Apr 30, 2025",0.0,Please login for prices
LENOR 3.92L FABRIC CONDITIONER SUMMER BREEZE 112 WASH,HOLEN178,8001841002903,8001841002897,1,3,45,15,EN,United Kingdom,34024100,,20.0,Please login for prices
LENOR 3.92L FABRIC CONDITIONER SPRING AWAKENING 112 WASH,HOLEN179,8001841002873,08001841002866,1,3,45,15,EN,United Kingdom,34024100,,20.0,Please login for prices
GILLETTE SKINGUARD SENSITIVE RAZOR DISPOSABLE 8'S,TOGIL753,8006540744642,8006540744666,1,6,180,30,"EN, AT, CH, DK, DE, ES, FI, FR, IT, NL, NO, PT, SE",Poland,82121010,,20.0,Please login for prices
HERBAL ESSENCES 450ML HAIR MASK ARGAN OIL,TOHER283,8006540088692,8006540088708,1,6,208,16,EN,France,33059000,,20.0,Please login for prices
BABYLISS POWERBLADE PRO CLIPPER,ACBAB055,3030053074564,33030053074565,1,6,28,7,EN,China,85102000,,20.0,Please login for prices
DKNY BE DELICIOUS 250ML GOLDEN BODY FRAGRANCE MIST,FLDKN050,85715950529,085715950529,6,24,18,9,"EN, MT, SI, AR, BG, CN, GR, FR, HR, IT, LT, NL, PL, PT, RO, SK, SE",Italy,33030090,,20.0,Please login for prices
DORITOS 300G SALSA DIP HOT,FODOR008,5000328601380,5000328601397,1,6,352,22,EN,United Kingdom,21039090,"Jul 3, 2025",0.0,Please login for prices
SNACK A JACKS 5X19G SWEET CHILLI 5 PACK,FOSNA002,5000328250847,5000328250854,1,6,60,12,EN,United Kingdom,19059055,"Mar 15, 2025",20.0,Please login for prices
BODYFORM DAILIES PANTYLINER SO SLIM 24'S PMP £1.49,TOBOD134,7322542025246,7322542025260,1,18,145,29,EN,Slovakia,96190071,,0.0,Please login for prices
L'OCCITANE SHEA BUTTER 150ML FOOT BALM INTENSE,COSLOC076,3253581767528,,1,2,168,28,"EN, FR, IT, NL, PT",France,33049900,,20.0,Please login for prices
OLE HENRIKSEN TRANSFORM 90ML FACE SCRUB,COSOLE001,840026652889,,1,72,30,6,"EN, SI, BG, DK, DE, GR, ES, FI, FR, HR, IT, NL, PL, RO, SE",United States,33049900,,20.0,Please login for prices
PIXI GLOW 135ML MUD CLEANSER,COSPIX015,885190812516,,1,21,168,28,"EN, FR",United States,33049900,,20.0,Please login for prices
PIXI 80ML FIXING MIST,COSPIX021,885190820016,,1,11,168,28,"EN, SI, AR, CZ, DE, GR, ES, FR, HR, HU, IT, LT, LV, NL, NO, PL, PT, RO, RU, SK, SE, TR",South Korea,33049900,,20.0,Please login for prices
PIXI SKIN TREATS 50ML NEUTRALIZING MOISTURIZER,COSPIX032,885190830114,,1,21,168,28,"EN, FR",South Korea,33049900,,20.0,Please login for prices
PIXI VITAMIN C 150ML CLEANSER BRIGHTENING,COSPIX034,885190812639,,1,10,20,4,"EN, FR",South Korea,33049900,,20.0,Please login for prices
PIXI VITAMIN C 45ML BRIGHTENING LEAVE-ON MASK,COSPIX036,885190822096,,1,16,168,28,"EN, FR",South Korea,33049900,,20.0,Please login for prices
PIXI VITAMIN C 30ML SERUM,COSPIX037,885190823062,,1,12,168,28,"EN, SI, AR, BG, CZ, DE, GR, ES, FR, HR, HU, IS, IT, LT, LV, NL, NO, PL, PT, RO, SK, SE, TR",United States,33049900,,20.0,Please login for prices
CARTIER LA PANTHERE 75ML PARFUM SPRAY,FLCAR027,3432240504319,,1,6,168,28,"EN, AR, FR",France,33030010,,20.0,Please login for prices
BELUX 600ML SHOWER GEL MILK & HONEY,TOBEL034,8692730510038,8692730510038,1,12,108,18,"EN, AR, BG, DE, GR, ES, FR, HU, IT, RU, TR",Turkey,34013000,"Jun 26, 2027",20.0,Please login for prices
BELUX 600ML SHOWER GEL OCEAN BREEZE,TOBEL035,8692730509995,8692730509995,1,12,108,18,"EN, AR, BG, GR, ES, FR, HU, IT, RU, TR",Turkey,34013000,"Jul 2, 2027",20.0,Please login for prices
BELUX 600ML SHAMPOO MOISTURISING,TOBEL046,8692730513770,18692730512275,1,12,90,18,"EN, AL, AR, AZ, BG, BA, DE, GR, ES, FR, HR, HU, IT, KZ, LT, LV, MK, NL, PL, PT, RO, RU, SR, SE, TR, UA",Turkey,33051000,"Jun 26, 2027",20.0,Please login for prices
L'OCCITANE AROMACHOLOGY 500ML SHAMPOO INTENSIVE REPAIR,TOLOC005,3253581750797,3253581750797,1,16,48,8,"EN, DE, ES, FR, IT, NL, PT",France,33051000,,20.0,Please login for prices
SACHAJUAN 250ML LEAVE IN CONDITIONER,TOSAC007,7350016331067,17350016331064,1,6,324,36,"EN, DK, ES, FI, FR, IT, NO, SE",Sweden,33059000,,20.0,Please login for prices
SACHAJUAN 250ML CONDITIONER THICKENING,TOSAC012,7350016332057,17350016332054,1,6,252,36,"EN, DK, DE, ES, FI, FR, IT, NO, SE",Sweden,33059000,,20.0,Please login for prices
SACHAJUAN 220ML TREATMENT HAIR REPAIR,TOSAC016,7350016331241,17350016331248,1,6,245,35,"EN, DK, ES, FI, FR, IT, NO, SE",Sweden,33059000,,20.0,Please login for prices
BLOO 2X50G TOILET CISTERN CUBE LIMSCALE PREVENTION,HOBLO034,5000325052970,5000325052987,1,7,252,36,EN,Poland,34023100,,20.0,Please login for prices
LENOR ENERGIZE 1.65L FABRIC CONDITIONER CITRUS & WHITE VERBENA BIG VALUE PACK 50W,HOLEN180,8700216167390,08700216167437,1,6,90,18,EN,United Kingdom,34025090,"Feb 7, 2025",20.0,Please login for prices
DOVE 90G SOAP CREAM BAR PINK,TODOV1286,8720181300813,08720181300875,1,24,120,15,"EN, DE, ES, FR, HU, IT, NL, PT, RO, SK",Germany,34011100,,20.0,Please login for prices
SCHWARZKOPF BONACURE 200ML CONDITIONER MOISTURE KICK GLYCEROL,TOSCH1127,4045787723755,4045787723779,3,12,48,24,"EN, DK, ES, FI, FR, NO, PT, SE",Germany,33059000,,20.0,Please login for prices
SCHWARZKOPF BONACURE 250ML SHAMPOO REPAIR RESCUE ARGININE,TOSCH1128,4045787724615,4045787724639,3,12,96,24,"EN, DK, ES, FI, FR, NO, PT, SE",Germany,33051000,,20.0,Please login for prices
SCHWARZKOPF BONACURE 200ML CONDITIONER REPAIR RESCUE ARGININE,TOSCH1129,4045787723953,4045787723977,3,12,48,24,"EN, DK, ES, FI, FR, NO, PT, SE",Germany,33059000,,20.0,Please login for prices
WILKINSON HYDRO3 RAZOR SKIN PROTECTION 2UP,TOWIL240,4027800439867,4027800439881,5,50,21,7,"EN, DE, GR, ES, FR, HR, HU, IT, NL, PL, PT, RO, SK",China,82121090,,20.0,Please login for prices
FAIRY 325ML WASHING UP LIQUID ORIGINAL,HOFAI317,8700216234917,08700216234900,1,10,126,21,"EN, GR",United Kingdom,34025090,,20.0,Please login for prices
ALWAYS DAILIES LINERS EXTRA PROTECT LARGE 68'S,TOALW553,4015400564454,04015400564447,1,4,98,14,"EN, SI, GE, AT, AL, AZ, BG, BA, CH, CZ, DK, DE, GR, EE, FI, HR, HU, LT, LV, MK, MD, NL, NO, PL, RU, SK, SE",Germany,96190079,,0.0,Please login for prices
BEN'S ORIGINAL 220G MICROWAVE RICE WHOLEGRAIN,FOBEN004,5010034015098,5010034015104,1,6,294,42,EN,United Kingdom,10062017,"Apr 9, 2025",0.0,Please login for prices
BEN'S ORIGINAL 220G MICROWAVE RICE PILAU,FOBEN005,5010034013810,5010034013841,1,6,294,42,EN,United Kingdom,10062017,"Apr 17, 2025",0.0,Please login for prices
FANOLA 100ML SHAMPOO NO YELLOW,TOFAN030,8032947868629,,1,24,136,17,"EN, DE, ES, FR, IT, PL",Italy,33051000,,20.0,Please login for prices
MAX FACTOR LASH REVIVAL MASCARA BLACK,COSMAX1430,3614227918092,03614227918115,3,156,84,12,EN,United Kingdom,33042000,,20.0,Please login for prices
COLGATE TOOTHBRUSH ZIG ZAG MEDIUM 3 PACK,TOCOL783,8718951408241,8714789158945,1,12,175,25,"EN, ES, FR, IT, NL, PT",China,96032100,,20.0,Please login for prices
WILKINSON SWORD INTUITION 175ML SHAVE CREAM COCONUT,TOWIL223,4027800168408,4027800168415,1,6,434,62,"EN, CZ, DE, GR, ES, FR, HU, IT, NL, PL, PT, RO, SK",United States,33071000,,20.0,Please login for prices
WILKINSON SWORD INTUITION 175ML SHAVE CREAM WATERLILY,TOWIL224,4027800168507,4027800168514,1,6,434,62,"EN, CZ, DE, GR, ES, FR, HU, IT, NL, PL, PT, RO, SK",United States,33071000,,20.0,Please login for prices
DKNY BE DELICIOUS 50ML EDP SPRAY FRESH BLOSSOM,FLDKN048,085715950093,,1,36,8,8,"EN, FR",Italy,33030010,,20.0,Please login for prices
AINSLEY HARRIOTT 100G COUSCOUS SUNDRIED TOMATO & GARLIC,FOAIN006,5050665005969,5050665005976,1,12,272,34,EN,United Kingdom,19024090,"Dec 31, 2025",0.0,Please login for prices
NESCAFE AZERA 75G CRAFT INSTANT COFFEE PERKY BLENDERS,FONES113,7613287954503,07613287954527,1,6,300,30,EN,United Kingdom,21011100,"Nov 30, 2025",0.0,Please login for prices
CIF CLEANBOOST MULTI-PURPOSE ANTIBACTERIAL WIPES 100'S,HOCIF094,8720181259456,8720181259463,1,5,130,26,EN,United Kingdom,34011900,,20.0,Please login for prices
HERBAL ESSENCES 450ML HAIR MASK AVOCADO & ALOE,TOHER282,8006540084403,8006540084410,1,6,208,16,EN,France,33059000,,20.0,Please login for prices
HERBAL ESSENCES 100ML CONDITIONER ARGAN OIL,TOHER284,8001090680341,0800109068358,1,6,363,121,EN,France,33059000,,20.0,Please login for prices
OLD SPICE 150ML ANTIPERSPIRANT & DEODRANT BODY SPRAY ROCK,CGOLD239,8006540786376,8006540786383,1,6,330,66,"EN, AT, CH, DE, ES, PT, TR",United Kingdom,33072000,"Oct 31, 2025",20.0,Please login for prices
DISNEY PRINCESS A5 NOVELTY NOTEBOOK,FADIS150,5012128570339,5024004946619,8,16,72,18,EN,China,48203000,,20.0,Please login for prices
DKNY BE DELICIOUS 250ML FRESH BLOSSOM BODY FRAGRANCE MIST,FLDKN051,085715950512,,6,30,16,8,"EN, MT, SI, AR, BG, CN, CZ, DE, GR, FR, HR, IT, LT, NL, PL, PT, RO, SK, SE",Italy,33030090,,20.0,Please login for prices
DKNY BE DELICIOUS 250ML BODY FRAGRANCE MIST,FLDKN052,085715950505,085715950505,6,24,18,9,"EN, MT, SI, AR, BG, CN, CZ, DK, GR, FR, HR, IT, LT, NL, PL, PT, RO, SE",Italy,33030090,,20.0,Please login for prices
COLGATE 100ML TOOTHPASTE ADVANCED WHITE,TOCOL784,6281001101192,06281001613886,6,72,42,6,"EN, AR, FR",Saudi Arabia,33061000,"Jan 8, 2027",20.0,Please login for prices
COLGATE 100ML TOOTHPASTE MAX FRESH COOL MINT,TOCOL785,8718951291010,8718951291003,12,72,42,6,"EN, AR, FR",India,33061000,"Oct 5, 2026",20.0,Please login for prices
BIC 4 COLOURS PEN RETRACTABLE,FABIC004,3086121601613,3086128032236,1,10,224,32,"EN, CZ, DK, DE, GR, ES, FI, FR, HU, IT, NO, PL, PT, RO, RU, SK, SE, TR, UA",Tunisia,96081092,,20.0,Please login for prices
DORITOS 180G TORTILLA CHIPS COOL ORIGINAL,FODOR010,5000328741581,05000328741598,1,12,30,10,EN,United Kingdom,19059055,"Nov 23, 2024",20.0,Please login for prices
SNACK A JACKS 5X19G SALT & VINEGAR 5 PACK,FOSNA003,5000328250687,5000328250694,1,6,60,12,EN,United Kingdom,19059055,"Mar 22, 2025",20.0,Please login for prices
WRIGLEYS EXTRA SPEARMINT 46'S PMP £2.50,FOWRI023,4009900550871,4009900550796,6,144,30,6,EN,United Kingdom,17041010,"Sep 11, 2025",20.0,Please login for prices
COMFORT CREATIONS 2.5L FABRIC CONDITIONER STRAWBERRY 83W,HOCOM104,8720181332036,08720181332388,1,4,45,15,EN,United Kingdom,34024100,,20.0,Please login for prices
KIEHL´S MIDNIGHT RECOVERY 15ML EYE CREAM,COSKIE021,3605975086881,,1,336,30,6,"EN, DK, DE, GR, ES, FR, IT, NL, PT, SE",United States,33049900,,20.0,Please login for prices
PIXI GLOW 80ML FACE MIST,COSPIX019,885190820009,,3,49,20,4,"EN, AR, BG, BA, CZ, DK, DE, GR, FR, IT, NL, PL, RO, SK, SE, TR",South Korea,33049900,,20.0,Please login for prices
PIXI GLOW 45ML DEEP PURIFYING MASK,COSPIX020,885190822010,,1,10,168,28,"EN, FR",United States,33049900,,20.0,Please login for prices
PIXI GLOW 30ML SERUM OVERNIGHT,COSPIX024,885190823017,,1,12,168,28,"EN, FR",United States,33049900,,20.0,Please login for prices
PIXI ROSE 30ML OIL BLEND,COSPIX030,885190830008,,1,14,168,28,"EN, FR",United States,33049900,,20.0,Please login for prices
PIXI ROSE 45ML INSTANT SKIN BOOSTER,COSPIX031,885190830060,,1,24,168,28,"EN, FR",United States,33049900,,20.0,Please login for prices
PIXI VITAMIN C ENERGIZING INFUSION SHEET MASK 3X 23 G,COSPIX039,885190822195,,1,24,120,20,"EN, FR",South Korea,33049900,,20.0,Please login for prices
PEPPA PIG PEPPA'S GROWING GARDEN PLAY SET 5PC,FAPEP047,5010993933129,5010993945054,1,4,108,18,"EN, SI, AR, BG, CZ, DK, DE, EE, ES, FI, FR, HR, IT, LV, NL, NO, PT, RO, SE, TR",China,95030070,,20.0,Please login for prices
CACHAREL YES I AM 50ML EDP SPRAY FABULOUS,FLCAC016,3614272916173,01400476360379,1,67,20,4,"EN, DE, ES, FR, IT, NL, PT",France,33030090,,20.0,Please login for prices
WRIGLEYS EXTRA WHITE BUBBLEMINT 46'S PMP £2.25,FOWRI025,4009900545020,4009900545181,6,144,12,6,EN,United Kingdom,17041010,"Sep 17, 2025",20.0,Please login for prices
HERMES UN JARDIN SUR LE NIL 2PC GIFT SET (125ML EDP REFILL & 30ML EDP SPRAY),GSFLHER005,3346130419945,3346130419945,1,12,90,15,"EN, FR",France,33030090,,20.0,Please login for prices
"MICKEY & FRIENDS 3PC GIFT SET (50ML EDT SPRAY, 100ML SHOWER GEL & BAG)",GSKIMIC102,8411114087535,18411114087532,1,6,63,9,"EN, AR, DK, DE, GR, ES, FI, FR, IT, NL, NO, PL, PT, SE",Spain,33030090,,20.0,Please login for prices
BELUX 600ML SHOWER GEL ROSE,TOBEL036,8692730510984,8692730510984,1,12,108,18,"EN, AR, BG, DE, GR, ES, FR, HU, IT, NL, RU, TR",Turkey,34013000,"Jun 11, 2027",20.0,Please login for prices
BELUX 600ML 2 IN 1 SHAMPOO FOR MEN BLACK,TOBEL044,8692730510267,18692730512619,1,12,108,18,"EN, AL, AR, AZ, BG, BA, DE, GR, ES, FR, HR, HU, KZ, LT, LV, MK, NL, PL, PT, RO, RU, SR, SE, TR, UA",Turkey,34013000,"Jul 4, 2027",20.0,Please login for prices
BELUX 600ML 2 IN 1 SHAMPOO FOR WOMEN PINK,TOBEL045,8692730511349,8692730513794,1,12,108,18,"EN, AL, AR, AZ, BG, DE, ES, FR, HR, HU, LT, MK, NL, PL, PT, RO, RU, SE, TR",Turkey,34013000,"Jul 3, 2027",20.0,Please login for prices
BELUX 600ML SHAMPOO REVITALISING,TOBEL047,8692730513756,18692730512312,1,12,108,18,"EN, AL, AR, AZ, BG, DE, GR, ES, FR, HR, HU, IT, KZ, LT, LV, MK, NL, PL, PT, RO, RU, SR, SE, TR, UA",Turkey,33051000,"Jun 26, 2027",20.0,Please login for prices
SACHAJUAN 250ML SHAMPOO THICKENING,TOSAC011,7350016332040,17350016332047,1,6,252,36,"EN, DK, ES, FI, FR, IT, NO, SE",Sweden,33051000,,20.0,Please login for prices
SACHAJUAN 250ML SHAMPOO MOISTURIZING,TOSAC013,7350016332118,17350016332115,1,6,294,42,"EN, DK, DE, ES, FI, FR, IT, NO, SE",Sweden,33051000,,20.0,Please login for prices
SACHAJUAN 150ML OCEAN MIST STYLING,TOSAC019,7350016331128,17350016331125,1,6,343,49,"EN, DK, DE, ES, FI, FR, IT, NO, SE",Sweden,33059000,,20.0,Please login for prices
HEINZ 1KG TOMATO KETCHUP (EN LABEL),FOHEI289,8715700116631,15060564750263,1,8,80,16,"EN, AT, CH, DE, FR",Denmark,21032000,"Jul 1, 2025",0.0,Please login for prices
SAUCESOME! 500ML SMOOTH & CREAMY MAYONNAISE,FOSAU002,5060222787610,5060222787832,1,6,234,39,EN,United Kingdom,21039090,"Jul 20, 2025",0.0,Please login for prices
SAUCESOME! 500ML SALAD CREAM,FOSAU003,5060222785227,5060222787825,1,6,234,39,EN,United Kingdom,21039090,"Jul 8, 2025",0.0,Please login for prices
ARIEL ALL IN 1 PODS ORIGINAL 25'S,HOARI240,8006540899342,08006540899359,1,4,384,48,EN,United Kingdom,34025090,"Sep 16, 2025",20.0,Please login for prices
BLOO 2X50G TOILET CISTERN CUBE LEMON,HOBLO033,5000325054011,05000325054028,1,7,252,36,EN,Poland,34023100,,20.0,Please login for prices
BLOO 2X50G TOILET CISTERN CUBE ORIGINAL BLUE,HOBLO035,5000325052956,05000325052963,1,7,252,36,EN,Poland,34023100,,20.0,Please login for prices
BLOO 4X50G TOILET CISTERN CUBE CITRUS,HOBLO037,5000325053953,5000325053953,1,7,252,36,EN,Poland,34023100,,20.0,Please login for prices
SCHWARZKOPF BONACURE 200ML CONDITIONER JELLY VOLUME BOOST,TOSCH1131,4045787728774,4045787728798,3,12,120,20,"EN, DK, ES, FI, FR, NO, PT, SE",Germany,33059000,,20.0,Please login for prices
SCHWARZKOPF BONACURE 200ML CONDITIONER SPRAY COLOR FREEZE,TOSCH1132,4045787724271,4045787724295,3,12,48,24,"EN, DK, ES, FI, FR, PT",Hungary,33059000,,20.0,Please login for prices
SCHWARZKOPF BONACURE 200ML CONDITIONER SPRAY MOISTURE KICK,TOSCH1133,4045787727036,4045787727050,3,12,144,24,"EN, DK, ES, FI, FR, PT, SE",Hungary,33059000,,20.0,Please login for prices
SCHWARZKOPF BONACURE 200ML CONDITIONER SPRAY REPAIR RESCUE,TOSCH1134,4045787723052,4045787723076,3,12,144,24,"EN, DK, ES, FI, FR, PT",Hungary,33059000,,20.0,Please login for prices
